{"cameraMode":{"drawMode":0,"name":"Shaded","section":"Shading Mode"},"sceneLighting":true,"audioPlay":false,"sceneViewState":{"m_AlwaysRefresh":false,"showFog":true,"showSkybox":true,"showFlares":true,"showImageEffects":true,"showParticleSystems":true,"showVisualEffectGraphs":true,"m_FxEnabled":true},"in2DMode":false,"pivot":{"x":36.815162658691409,"y":3.412799835205078,"z":29.84983253479004},"rotation":{"x":0.033037301152944568,"y":0.37773746252059939,"z":0.013485784642398358,"w":-0.9252614378929138},"size":5.310110092163086,"orthographic":false}